id;domain_list
224517;Strategy Games
161936;Strategy Games
161936;Thematic Games
174430;Strategy Games
174430;Thematic Games
342942;Strategy Games
233078;Strategy Games
233078;Thematic Games
167791;Strategy Games
291457;Strategy Games
291457;Thematic Games
316554;Strategy Games
115746;Thematic Games
115746;Wargames
187645;Thematic Games
162886;Strategy Games
220308;Strategy Games
182028;Strategy Games
12333;Strategy Games
12333;Wargames
193738;Strategy Games
169786;Strategy Games
84876;Strategy Games
173346;Strategy Games
167355;Thematic Games
28720;Strategy Games
246900;Strategy Games
124361;Strategy Games
177736;Strategy Games
266507;Thematic Games
266192;Family Games
266192;Strategy Games
120677;Strategy Games
205637;Customizable Games
205637;Thematic Games
237182;Strategy Games
237182;Wargames
312484;Strategy Games
164928;Strategy Games
199792;Family Games
199792;Strategy Games
96848;Strategy Games
96848;Thematic Games
183394;Strategy Games
251247;Strategy Games
341169;Strategy Games
324856;Family Games
324856;Strategy Games
175914;Strategy Games
192135;Strategy Games
192135;Thematic Games
285774;Customizable Games
256960;Strategy Games
3076;Strategy Games
247763;Strategy Games
102794;Strategy Games
170216;Strategy Games
185343;Strategy Games
31260;Strategy Games
295947;Abstract Games
295947;Family Games
184267;Strategy Games
221107;Strategy Games
221107;Thematic Games
314040;Strategy Games
314040;Thematic Games
205059;Thematic Games
276025;Strategy Games
521;Family Games
126163;Strategy Games
255984;Thematic Games
2651;Strategy Games
284378;Strategy Games
161533;Strategy Games
284083;Family Games
216132;Strategy Games
244521;Family Games
35677;Strategy Games
164153;Thematic Games
266810;Strategy Games
209010;Strategy Games
209010;Thematic Games
125153;Strategy Games
55690;Thematic Games
124742;Customizable Games
182874;Strategy Games
230802;Abstract Games
230802;Family Games
72125;Strategy Games
28143;Strategy Games
253344;Thematic Games
191189;Strategy Games
201808;Family Games
201808;Strategy Games
200680;Strategy Games
157354;Strategy Games
25613;Strategy Games
159675;Strategy Games
229853;Strategy Games
110327;Strategy Games
121921;Thematic Games
171623;Strategy Games
62219;Strategy Games
366013;Family Games
68448;Family Games
68448;Strategy Games
317985;Strategy Games
231733;Strategy Games
231733;Thematic Games
180263;Thematic Games
264220;Thematic Games
295770;Strategy Games
236457;Strategy Games
93;Strategy Games
279537;Strategy Games
37111;Thematic Games
122515;Strategy Games
18602;Strategy Games
225694;Party Games
170042;Strategy Games
172386;Strategy Games
155821;Strategy Games
40834;Strategy Games
73439;Strategy Games
42;Strategy Games
203993;Strategy Games
146021;Thematic Games
163068;Strategy Games
269385;Thematic Games
12493;Strategy Games
12493;Thematic Games
144733;Strategy Games
163412;Abstract Games
163412;Family Games
102680;Strategy Games
205896;Strategy Games
218417;Strategy Games
36218;Strategy Games
281259;Family Games
256916;Strategy Games
233371;Strategy Games
175640;Strategy Games
178900;Party Games
172287;Strategy Games
198928;Strategy Games
132531;Strategy Games
196340;Strategy Games
4098;Strategy Games
175155;Strategy Games
43015;Strategy Games
266524;Family Games
263918;Family Games
217372;Family Games
30549;Family Games
30549;Strategy Games
310873;Strategy Games
262712;Strategy Games
274364;Strategy Games
118048;Strategy Games
271055;Strategy Games
127023;Strategy Games
2511;Thematic Games
161970;Strategy Games
147020;Strategy Games
271324;Strategy Games
233398;Strategy Games
308765;Strategy Games
220877;Strategy Games
146652;Thematic Games
254640;Party Games
34635;Family Games
34635;Strategy Games
14996;Family Games
103885;Customizable Games
103885;Wargames
328871;Strategy Games
77423;Customizable Games
148949;Family Games
148949;Strategy Games
233867;Family Games
296151;Strategy Games
283948;Strategy Games
82222;Strategy Games
82222;Thematic Games
244522;Family Games
265188;Strategy Games
463;Customizable Games
189932;Strategy Games
304783;Strategy Games
268864;Wargames
43111;Strategy Games
43111;Thematic Games
54043;Family Games
9609;Thematic Games
9609;Wargames
249259;Abstract Games
329082;Strategy Games
287954;Abstract Games
287954;Family Games
104162;Thematic Games
188920;Thematic Games
10630;Wargames
282524;Family Games
282524;Thematic Games
12;Strategy Games
209418;Strategy Games
39463;Strategy Games
39463;Thematic Games
17133;Strategy Games
128882;Party Games
155426;Strategy Games
199561;Abstract Games
199561;Family Games
294484;Strategy Games
70149;Strategy Games
103343;Strategy Games
31627;Family Games
150376;Thematic Games
25021;Wargames
123260;Strategy Games
14105;Wargames
291453;Family Games
242302;Family Games
227224;Strategy Games
104006;Strategy Games
171131;Party Games
171131;Thematic Games
283355;Strategy Games
283355;Thematic Games
188;Abstract Games
221194;Strategy Games
148228;Family Games
235802;Strategy Games
235802;Thematic Games
21050;Wargames
245638;Strategy Games
283155;Abstract Games
283155;Family Games
182631;Strategy Games
271896;Thematic Games
126042;Strategy Games
195421;Thematic Games
300531;Strategy Games
300531;Thematic Games
215;Strategy Games
822;Family Games
293014;Family Games
293014;Strategy Games
91;Wargames
306735;Strategy Games
118;Strategy Games
7854;Abstract Games
9209;Family Games
314491;Family Games
314491;Strategy Games
54998;Strategy Games
146886;Strategy Games
310100;Thematic Games
285967;Strategy Games
224037;Family Games
224037;Party Games
188834;Party Games
295486;Family Games
295486;Strategy Games
318977;Family Games
129437;Thematic Games
156129;Party Games
176189;Thematic Games
232832;Family Games
232832;Strategy Games
158600;Family Games
269207;Family Games
269207;Strategy Games
223321;Thematic Games
169426;Strategy Games
109276;Strategy Games
227935;Strategy Games
555;Strategy Games
241451;Strategy Games
241451;Thematic Games
239188;Thematic Games
192291;Family Games
199478;Family Games
9216;Strategy Games
274637;Strategy Games
194655;Abstract Games
339789;Family Games
339789;Thematic Games
176494;Family Games
176494;Strategy Games
228341;Strategy Games
19857;Strategy Games
198994;Strategy Games
223040;Family Games
20551;Strategy Games
31481;Thematic Games
421;Strategy Games
146508;Thematic Games
165722;Family Games
165722;Party Games
3;Strategy Games
27708;Strategy Games
128621;Strategy Games
27833;Strategy Games
300322;Strategy Games
364073;Strategy Games
140620;Strategy Games
260605;Family Games
260605;Party Games
286096;Strategy Games
232405;Thematic Games
127060;Strategy Games
155068;Thematic Games
204583;Family Games
224783;Strategy Games
305096;Strategy Games
144344;Strategy Games
277659;Thematic Games
760;Strategy Games
92828;Party Games
302723;Thematic Games
251661;Thematic Games
108745;Strategy Games
350184;Strategy Games
24181;Strategy Games
206718;Strategy Games
176734;Strategy Games
246784;Family Games
246784;Strategy Games
155873;Strategy Games
2655;Abstract Games
66589;Strategy Games
97207;Strategy Games
97207;Thematic Games
316377;Family Games
316377;Strategy Games
19777;Strategy Games
22545;Strategy Games
299659;Strategy Games
311193;Strategy Games
187617;Thematic Games
139976;Strategy Games
139976;Thematic Games
38453;Thematic Games
160477;Abstract Games
244271;Family Games
181279;Thematic Games
46213;Party Games
154203;Strategy Games
230253;Strategy Games
156546;Party Games
143693;Strategy Games
298047;Family Games
93260;Customizable Games
93260;Strategy Games
54138;Strategy Games
59294;Strategy Games
59294;Thematic Games
48726;Strategy Games
227789;Strategy Games
13122;Strategy Games
203420;Family Games
203420;Thematic Games
209685;Family Games
257499;Thematic Games
54;Strategy Games
136888;Strategy Games
163967;Strategy Games
2653;Family Games
222509;Strategy Games
291572;Strategy Games
291572;Thematic Games
129622;Family Games
193037;Thematic Games
184921;Family Games
172081;Family Games
172081;Thematic Games
245655;Thematic Games
188866;Family Games
270633;Strategy Games
5;Strategy Games
140934;Family Games
172818;Thematic Games
285192;Thematic Games
40692;Family Games
40692;Strategy Games
172;Family Games
50;Family Games
297562;Strategy Games
45315;Strategy Games
146439;Wargames
304420;Strategy Games
323612;Strategy Games
25292;Thematic Games
77130;Strategy Games
234277;Strategy Games
219513;Family Games
297030;Strategy Games
111341;Strategy Games
176920;Strategy Games
21241;Strategy Games
59959;Strategy Games
59959;Thematic Games
256680;Thematic Games
39856;Party Games
234;Wargames
181304;Family Games
181304;Thematic Games
199042;Thematic Games
70919;Family Games
366161;Family Games
366161;Strategy Games
47;Strategy Games
319966;Strategy Games
258779;Strategy Games
163745;Thematic Games
163745;Wargames
37046;Strategy Games
119890;Strategy Games
41114;Party Games
234487;Strategy Games
192458;Strategy Games
101721;Customizable Games
63888;Strategy Games
128271;Strategy Games
246192;Family Games
246192;Strategy Games
8217;Strategy Games
90137;Thematic Games
25554;Strategy Games
39683;Strategy Games
244711;Strategy Games
250458;Strategy Games
245934;Strategy Games
295374;Family Games
24480;Strategy Games
318184;Strategy Games
155987;Strategy Games
150145;Family Games
284653;Strategy Games
182134;Strategy Games
318084;Strategy Games
1;Strategy Games
269210;Family Games
9217;Strategy Games
260428;Strategy Games
215311;Family Games
40354;Wargames
301880;Strategy Games
33160;Strategy Games
17392;Wargames
195539;Strategy Games
70323;Family Games
31594;Strategy Games
21348;Family Games
21348;Strategy Games
277085;Family Games
277085;Party Games
265736;Family Games
144592;Strategy Games
256226;Abstract Games
256226;Family Games
240980;Party Games
262211;Strategy Games
372;Family Games
236191;Strategy Games
166669;Strategy Games
71;Strategy Games
15987;Thematic Games
202426;Strategy Games
194594;Family Games
198773;Party Games
246684;Strategy Games
204305;Thematic Games
336986;Family Games
336986;Strategy Games
170771;Thematic Games
154809;Strategy Games
40765;Strategy Games
329839;Party Games
251658;Family Games
161614;Strategy Games
54625;Thematic Games
229220;Strategy Games
92415;Party Games
138161;Thematic Games
121;Strategy Games
121;Thematic Games
186751;Strategy Games
365717;Strategy Games
36932;Thematic Games
55670;Strategy Games
66188;Family Games
66188;Strategy Games
128671;Thematic Games
243;Wargames
124708;Thematic Games
34219;Family Games
34219;Strategy Games
260180;Abstract Games
260180;Family Games
262543;Party Games
63628;Strategy Games
215341;Strategy Games
351913;Strategy Games
274638;Strategy Games
298069;Family Games
100901;Family Games
100901;Thematic Games
258210;Wargames
27162;Family Games
27162;Strategy Games
151347;Thematic Games
293141;Family Games
332800;Customizable Games
332800;Strategy Games
171;Abstract Games
270844;Strategy Games
66362;Strategy Games
96913;Strategy Games
11170;Customizable Games
11170;Thematic Games
256730;Strategy Games
79828;Strategy Games
79828;Wargames
176396;Family Games
18833;Strategy Games
192153;Strategy Games
192153;Thematic Games
274960;Family Games
150;Family Games
150;Party Games
264241;Abstract Games
264241;Family Games
156858;Thematic Games
194607;Strategy Games
169427;Thematic Games
137408;Strategy Games
325494;Thematic Games
290236;Family Games
25417;Thematic Games
25417;Wargames
233312;Family Games
233312;Thematic Games
197376;Strategy Games
150658;Family Games
150658;Strategy Games
62222;Wargames
284742;Family Games
284742;Strategy Games
343905;Strategy Games
5404;Strategy Games
15985;Thematic Games
105134;Strategy Games
226522;Family Games
226522;Thematic Games
158899;Family Games
364011;
332772;Strategy Games
269144;Strategy Games
157969;Family Games
157969;Party Games
205398;Family Games
136063;Family Games
712;Strategy Games
712;Thematic Games
478;Family Games
478;Strategy Games
146791;Thematic Games
162082;Strategy Games
83330;Thematic Games
144189;Wargames
20437;Strategy Games
20437;Thematic Games
17226;Thematic Games
98778;Family Games
15062;Thematic Games
232414;Strategy Games
12942;Family Games
240196;Thematic Games
128996;Wargames
336382;Family Games
62227;Strategy Games
62227;Wargames
43570;Strategy Games
256952;Children's Games
256952;Family Games
177639;Strategy Games
193042;Family Games
193042;Party Games
216600;Family Games
216600;Strategy Games
17405;Strategy Games
13;Family Games
13;Strategy Games
180974;Family Games
191862;Family Games
175095;Thematic Games
11;Family Games
245654;Family Games
262215;Strategy Games
119506;Strategy Games
119506;Thematic Games
315767;Strategy Games
21790;Family Games
21790;Strategy Games
247367;Strategy Games
247367;Wargames
303057;Strategy Games
97786;Family Games
97786;Strategy Games
144797;Strategy Games
206941;Strategy Games
156009;Family Games
206480;Strategy Games
206480;Wargames
65781;Strategy Games
105551;Strategy Games
322708;Thematic Games
142379;Strategy Games
95527;Strategy Games
9674;Abstract Games
239942;Strategy Games
171668;Thematic Games
252328;Customizable Games
252328;Wargames
31999;Abstract Games
221965;Family Games
125618;Strategy Games
127398;Thematic Games
36553;Party Games
6249;Family Games
6249;Strategy Games
90419;Family Games
90419;Strategy Games
276182;Strategy Games
18;Strategy Games
18;Thematic Games
147949;Party Games
133848;Strategy Games
91312;Thematic Games
163968;Strategy Games
123123;Strategy Games
220;Family Games
133473;Family Games
875;Strategy Games
31730;Strategy Games
245961;Strategy Games
102652;Thematic Games
290359;Wargames
27173;Strategy Games
196326;Family Games
196326;Party Games
97842;Strategy Games
153938;Family Games
322289;Strategy Games
181530;Thematic Games
284189;Strategy Games
284435;Abstract Games
58421;Strategy Games
232043;Family Games
177478;Strategy Games
183251;Family Games
42052;Strategy Games
84419;Wargames
265402;Strategy Games
170561;Family Games
170561;Strategy Games
475;Strategy Games
34119;Thematic Games
22827;Strategy Games
22827;Thematic Games
128780;Strategy Games
28023;Family Games
133038;Thematic Games
117959;Family Games
27746;Family Games
27746;Strategy Games
151022;Strategy Games
151022;Thematic Games
292375;Strategy Games
345584;Family Games
345584;Strategy Games
503;Abstract Games
503;Strategy Games
248490;Strategy Games
15363;Thematic Games
15363;Wargames
2346;Abstract Games
283393;Strategy Games
141572;Family Games
141572;Strategy Games
192836;Strategy Games
159508;Strategy Games
4390;Family Games
172308;Family Games
172308;Strategy Games
42215;Family Games
264055;Family Games
338834;Family Games
216734;Family Games
39351;Strategy Games
155703;Strategy Games
130960;Wargames
318182;Strategy Games
280794;Thematic Games
9625;Strategy Games
193949;Thematic Games
39938;Strategy Games
270673;Family Games
269511;Strategy Games
205359;Customizable Games
3685;Wargames
160010;Thematic Games
140603;Strategy Games
131357;Party Games
6472;Strategy Games
6472;Wargames
356033;Family Games
356033;Strategy Games
170624;Strategy Games
350316;Strategy Games
135219;Thematic Games
135219;Wargames
266830;Strategy Games
218603;Abstract Games
218603;Family Games
212445;Thematic Games
345972;Family Games
42776;Thematic Games
266121;Thematic Games
340466;Thematic Games
143519;Strategy Games
113924;Thematic Games
30869;Family Games
169255;Customizable Games
316412;Strategy Games
111799;Wargames
183562;Customizable Games
286751;Thematic Games
5782;Family Games
328565;Family Games
328565;Strategy Games
432;Family Games
10547;Thematic Games
224710;Thematic Games
325635;Strategy Games
332686;Strategy Games
332686;Thematic Games
174785;Strategy Games
174785;Wargames
37904;Family Games
37904;Thematic Games
699;Thematic Games
190082;Strategy Games
119432;Strategy Games
46;Strategy Games
198953;Strategy Games
24508;Abstract Games
24508;Strategy Games
1353;Party Games
242705;Thematic Games
163166;Party Games
257501;Customizable Games
209778;Family Games
121408;Strategy Games
1513;Strategy Games
293296;Family Games
13004;Family Games
244115;Strategy Games
296912;Strategy Games
180511;Strategy Games
355093;Strategy Games
171499;Family Games
107529;Family Games
107529;Strategy Games
3201;Strategy Games
21763;Strategy Games
356123;Strategy Games
258036;Family Games
258036;Strategy Games
50750;Strategy Games
308119;Strategy Games
552;Strategy Games
58281;Customizable Games
100423;Thematic Games
374173;Strategy Games
271518;Family Games
73171;Thematic Games
30380;Strategy Games
318009;Strategy Games
357563;Family Games
135779;Party Games
88;Abstract Games
88;Strategy Games
70512;Strategy Games
121288;Party Games
113294;Family Games
153016;Party Games
233247;Strategy Games
300300;Thematic Games
203416;Family Games
203416;Strategy Games
203416;Thematic Games
2398;Abstract Games
2398;Family Games
126792;Strategy Games
193558;Strategy Games
150997;Thematic Games
134726;Family Games
134726;Strategy Games
350933;Family Games
350933;Strategy Games
336794;Family Games
336794;Thematic Games
132018;Strategy Games
132018;Wargames
213893;Strategy Games
306040;Strategy Games
242639;Family Games
242639;Thematic Games
2955;Strategy Games
244114;Strategy Games
307002;Family Games
307002;Strategy Games
163839;Strategy Games
123540;Family Games
87890;Strategy Games
154825;Strategy Games
20963;Thematic Games
231581;Strategy Games
69789;Strategy Games
65532;Thematic Games
284760;Family Games
304051;Family Games
283864;Family Games
173064;Strategy Games
173064;Thematic Games
29603;Wargames
146278;Abstract Games
146278;Strategy Games
165401;Strategy Games
160495;Strategy Games
283863;Strategy Games
168584;Family Games
270970;Family Games
270970;Strategy Games
155624;Strategy Games
155624;Thematic Games
218074;Thematic Games
156336;Family Games
156336;Strategy Games
7717;Family Games
7717;Strategy Games
116998;Strategy Games
256999;Thematic Games
298383;Strategy Games
226320;Family Games
162007;Family Games
162007;Strategy Games
71721;Thematic Games
167400;Customizable Games
232219;Abstract Games
232219;Family Games
214880;Strategy Games
183840;Strategy Games
143741;Party Games
281442;Strategy Games
181521;Thematic Games
72321;Strategy Games
301255;Strategy Games
15364;Strategy Games
73761;Family Games
73761;Thematic Games
296237;Strategy Games
242574;Family Games
204472;Thematic Games
249381;Strategy Games
9823;Wargames
273330;Thematic Games
3307;Strategy Games
22345;Strategy Games
311988;Strategy Games
311988;Thematic Games
241724;Family Games
483;Strategy Games
55600;Strategy Games
20100;Party Games
143515;Strategy Games
346965;Abstract Games
168435;Family Games
256382;Family Games
31563;Thematic Games
279613;Thematic Games
280480;Strategy Games
180593;Strategy Games
328866;Thematic Games
68425;Strategy Games
255692;Strategy Games
300877;Family Games
173442;Strategy Games
214887;Strategy Games
244228;Abstract Games
244228;Family Games
21882;Family Games
21882;Strategy Games
202670;Family Games
201825;Strategy Games
349067;Customizable Games
11825;Wargames
192457;Strategy Games
220517;Strategy Games
220520;Strategy Games
47185;Customizable Games
47185;Strategy Games
200147;Family Games
218333;Family Games
156943;Strategy Games
43528;Strategy Games
2163;Thematic Games
162286;Strategy Games
158435;Strategy Games
41;Family Games
169654;Family Games
2453;Abstract Games
179803;Thematic Games
586;Wargames
244608;Family Games
170416;Strategy Games
170416;Thematic Games
36235;Abstract Games
204516;Wargames
40628;Family Games
256570;Strategy Games
284777;Strategy Games
328479;Family Games
230244;Strategy Games
326494;Family Games
326494;Thematic Games
137988;Thematic Games
203417;Family Games
203417;Thematic Games
251678;Family Games
45;Family Games
45;Party Games
171273;Family Games
306881;Family Games
51;Abstract Games
131287;Strategy Games
307305;Family Games
160499;Family Games
237179;Strategy Games
198830;Strategy Games
198830;Wargames
218121;Family Games
218121;Strategy Games
26997;Strategy Games
26997;Wargames
91872;Thematic Games
110277;Strategy Games
276498;Abstract Games
252153;Family Games
252153;Strategy Games
217780;Strategy Games
181687;Family Games
337765;Strategy Games
179172;Strategy Games
179172;Thematic Games
1035;Wargames
161417;Family Games
12002;Strategy Games
194879;Strategy Games
197443;Family Games
191051;Strategy Games
156566;Strategy Games
346703;Family Games
30957;Strategy Games
218479;Strategy Games
15512;Family Games
30645;Strategy Games
79127;Thematic Games
117915;Strategy Games
117915;Thematic Games
321608;Strategy Games
348450;Strategy Games
175117;Family Games
179275;Thematic Games
238799;Strategy Games
41002;Strategy Games
38996;Wargames
163602;Thematic Games
176165;Family Games
176165;Strategy Games
1465;Family Games
262941;Strategy Games
177590;Strategy Games
177590;Wargames
145659;Strategy Games
12962;Strategy Games
228328;Strategy Games
28181;Wargames
234671;Strategy Games
103886;Customizable Games
12891;Wargames
16747;Family Games
16747;Party Games
275467;Family Games
528;Abstract Games
227460;Wargames
244331;Family Games
361545;Strategy Games
299047;Family Games
8125;Strategy Games
24800;Wargames
122298;Family Games
254386;Family Games
254386;Strategy Games
18098;Wargames
148729;Strategy Games
148729;Thematic Games
214029;Strategy Games
266164;Strategy Games
277700;Strategy Games
158889;Customizable Games
234477;Strategy Games
234477;Wargames
137269;Strategy Games
256788;Party Games
119788;Strategy Games
65244;Family Games
285984;Strategy Games
12902;Family Games
12902;Strategy Games
253499;Strategy Games
166384;Party Games
216459;Thematic Games
91514;Children's Games
91514;Family Games
56692;Family Games
148575;Customizable Games
94;Strategy Games
113997;Party Games
113997;Thematic Games
244992;Family Games
244992;Party Games
53953;Strategy Games
53953;Thematic Games
129948;Strategy Games
155362;Party Games
26990;Strategy Games
264052;Strategy Games
37380;Family Games
37380;Strategy Games
35570;Strategy Games
195137;Thematic Games
219215;Party Games
272739;Strategy Games
1041;Strategy Games
299684;Strategy Games
131260;Family Games
139898;Strategy Games
318560;Family Games
318560;Strategy Games
29368;Thematic Games
154458;Strategy Games
177678;Strategy Games
329465;Strategy Games
173;Thematic Games
2093;Abstract Games
98229;Party Games
239472;Strategy Games
239472;Thematic Games
291845;Strategy Games
198740;Party Games
245643;Family Games
1345;Strategy Games
223953;Family Games
223953;Thematic Games
267319;Family Games
41066;Strategy Games
41066;Wargames
329551;Strategy Games
248065;Strategy Games
248065;Thematic Games
224597;Customizable Games
26566;Strategy Games
9440;Strategy Games
317457;Strategy Games
317457;Thematic Games
196526;Strategy Games
315610;Thematic Games
238992;Thematic Games
904;Family Games
904;Strategy Games
82421;Customizable Games
82421;Strategy Games
148319;Strategy Games
148319;Thematic Games
160851;Family Games
239464;Family Games
270314;Family Games
272738;Thematic Games
2181;Abstract Games
2181;Strategy Games
108906;Thematic Games
294612;Thematic Games
132028;Wargames
202408;Strategy Games
202408;Thematic Games
231218;Strategy Games
195560;Strategy Games
195560;Thematic Games
156689;Thematic Games
335764;Strategy Games
13642;Strategy Games
235488;Family Games
316546;Family Games
172047;Thematic Games
59946;Thematic Games
281655;Strategy Games
281655;Thematic Games
27976;Customizable Games
27976;Thematic Games
295895;Strategy Games
295895;Thematic Games
284818;Strategy Games
8051;Strategy Games
98351;Strategy Games
197405;Abstract Games
201921;Strategy Games
151004;Strategy Games
25669;Abstract Games
25669;Family Games
27588;Family Games
331787;Strategy Games
331787;Thematic Games
491;Family Games
491;Strategy Games
66356;Thematic Games
199966;Strategy Games
38054;Family Games
38054;Strategy Games
210296;Thematic Games
207830;Family Games
240;Wargames
193214;Family Games
147151;Party Games
112;Strategy Games
245487;Abstract Games
203427;Family Games
108784;Strategy Games
191977;Strategy Games
52461;Strategy Games
52461;Thematic Games
82420;Customizable Games
82420;Strategy Games
212402;Family Games
242804;Strategy Games
65901;Strategy Games
249277;Strategy Games
233262;Strategy Games
125678;Thematic Games
298065;Family Games
298065;Strategy Games
106217;Strategy Games
154086;Strategy Games
169124;Family Games
169124;Thematic Games
228504;Family Games
334065;Family Games
271601;Party Games
291508;Strategy Games
19600;Strategy Games
195314;Family Games
66505;Strategy Games
295564;Strategy Games
554;Strategy Games
227515;Strategy Games
66056;Strategy Games
15817;Family Games
370913;Strategy Games
171669;Strategy Games
224;Strategy Games
224;Thematic Games
224;Wargames
281466;Strategy Games
95064;Strategy Games
180680;Family Games
180680;Strategy Games
182340;Strategy Games
157403;Family Games
353288;Family Games
1382;Family Games
204027;Family Games
161882;Strategy Games
244654;Strategy Games
200077;Strategy Games
218509;Strategy Games
242684;Strategy Games
270971;Family Games
270971;Strategy Games
230080;Family Games
279254;Strategy Games
290484;Thematic Games
72287;Strategy Games
178336;Family Games
178336;Strategy Games
254708;Thematic Games
174570;Thematic Games
164949;Strategy Games
164949;Wargames
276894;Family Games
8203;Abstract Games
8203;Family Games
347703;Family Games
347703;Strategy Games
939;Thematic Games
351040;Party Games
141517;Strategy Games
200954;Strategy Games
207243;Strategy Games
207243;Thematic Games
11971;Party Games
207691;Strategy Games
104710;Thematic Games
150999;Strategy Games
75449;Family Games
75449;Strategy Games
168917;Strategy Games
253284;Family Games
241266;Family Games
172931;Children's Games
177524;Children's Games
177524;Family Games
40793;Family Games
318553;Family Games
191300;Family Games
229892;Strategy Games
156776;Customizable Games
131646;Strategy Games
131646;Thematic Games
163154;Wargames
157809;Family Games
157809;Strategy Games
69779;Strategy Games
69779;Wargames
185589;Strategy Games
158275;Customizable Games
161866;Thematic Games
217449;Abstract Games
217449;Family Games
127518;Wargames
300217;Strategy Games
217861;Strategy Games
359438;Strategy Games
300905;Party Games
270239;Strategy Games
270239;Thematic Games
823;Thematic Games
72225;Strategy Games
165838;Thematic Games
208024;Thematic Games
338760;Strategy Games
299960;Strategy Games
191231;Family Games
191231;Strategy Games
35497;Family Games
194517;Strategy Games
256589;Thematic Games
25568;Strategy Games
23540;Strategy Games
130176;Family Games
104363;Strategy Games
104363;Thematic Games
153065;Family Games
681;Abstract Games
171233;Strategy Games
314503;Family Games
6830;Abstract Games
136991;Family Games
160018;Family Games
160018;Strategy Games
176371;Strategy Games
198454;Party Games
146312;Children's Games
146312;Family Games
223770;Family Games
223770;Party Games
1822;Wargames
21523;Thematic Games
245476;Family Games
134352;Party Games
22825;Wargames
223750;Family Games
223750;Strategy Games
60;Strategy Games
194880;Family Games
122522;Family Games
122522;Strategy Games
35052;Wargames
85897;Strategy Games
85897;Thematic Games
45986;Strategy Games
97903;Family Games
233571;Customizable Games
233571;Wargames
16992;Abstract Games
16992;Family Games
91536;Strategy Games
55427;Strategy Games
338957;Strategy Games
338957;Wargames
1301;Customizable Games
299169;Party Games
306481;Strategy Games
1608;Wargames
18100;Strategy Games
222514;Thematic Games
261114;Family Games
221;Thematic Games
221;Wargames
228855;Thematic Games
230933;Strategy Games
300327;Strategy Games
359609;Customizable Games
181796;Strategy Games
145639;Children's Games
145639;Family Games
309630;Strategy Games
252526;Party Games
142326;Family Games
142326;Strategy Games
287084;Family Games
287084;Strategy Games
24068;Party Games
175199;Strategy Games
37628;Strategy Games
17329;Children's Games
89409;Strategy Games
229265;Strategy Games
176544;Strategy Games
276042;Family Games
551;Wargames
152162;Family Games
206051;Party Games
135382;Thematic Games
297129;Family Games
159473;Strategy Games
159473;Wargames
318983;Strategy Games
234669;Thematic Games
141423;Strategy Games
141423;Thematic Games
164265;Party Games
164265;Thematic Games
327;Children's Games
37836;Wargames
71671;Strategy Games
71671;Thematic Games
163642;Strategy Games
67492;Thematic Games
67492;Wargames
271529;Family Games
5737;Strategy Games
205597;Family Games
205597;Strategy Games
183571;Thematic Games
206931;Family Games
145371;Strategy Games
207336;Family Games
241590;Family Games
241590;Party Games
271869;Family Games
251412;Family Games
278;Strategy Games
273477;Family Games
183880;Thematic Games
216092;Thematic Games
1634;Thematic Games
244049;Strategy Games
156091;Thematic Games
129736;Party Games
94246;Strategy Games
94246;Wargames
91080;Wargames
104020;Strategy Games
95103;Thematic Games
44163;Strategy Games
833;Wargames
143884;Family Games
197070;Thematic Games
301767;Family Games
301767;Thematic Games
124;Strategy Games
293889;Family Games
68264;Wargames
232918;Thematic Games
346501;Family Games
346501;Strategy Games
173090;Family Games
154246;Family Games
154246;Strategy Games
305682;Family Games
128721;Strategy Games
295607;Family Games
221318;Strategy Games
27364;Strategy Games
184151;Customizable Games
354;Strategy Games
8989;Strategy Games
182694;Thematic Games
213266;Family Games
340041;Family Games
195162;Strategy Games
140933;Family Games
121410;Family Games
34084;Family Games
34084;Strategy Games
257518;Thematic Games
226520;Party Games
226520;Thematic Games
151007;Customizable Games
151007;Thematic Games
82168;Strategy Games
82168;Thematic Games
8045;Strategy Games
137297;Family Games
244536;Thematic Games
342848;Thematic Games
105;Family Games
105;Strategy Games
13823;Family Games
13823;Strategy Games
329845;Family Games
329845;Party Games
17396;Wargames
187377;Strategy Games
137649;Strategy Games
137649;Thematic Games
22141;Family Games
22141;Strategy Games
173101;Strategy Games
171879;Strategy Games
1115;Strategy Games
353545;Family Games
527;Abstract Games
300753;Party Games
256606;Family Games
121297;Strategy Games
230085;Strategy Games
180899;Strategy Games
281194;Family Games
233961;Family Games
343562;Strategy Games
30381;Strategy Games
43443;Family Games
152470;Strategy Games
102548;Party Games
126100;Thematic Games
204836;Family Games
174660;Family Games
16395;Abstract Games
192074;Family Games
35815;Thematic Games
123955;Wargames
247236;Strategy Games
91873;Strategy Games
253608;Strategy Games
42910;Strategy Games
147303;Family Games
159504;Thematic Games
302098;
325022;Strategy Games
66837;Strategy Games
282954;Family Games
282954;Strategy Games
50768;Strategy Games
271319;Family Games
25643;Strategy Games
154386;Family Games
19100;Strategy Games
226518;Family Games
218421;Thematic Games
104347;Family Games
104347;Strategy Games
299317;
240855;Strategy Games
188547;Thematic Games
164338;Strategy Games
177802;Family Games
177802;Strategy Games
242722;Wargames
42452;Family Games
42452;Strategy Games
38159;Party Games
12995;Strategy Games
39953;Customizable Games
39953;Strategy Games
855;Strategy Games
238638;Strategy Games
160610;Thematic Games
228660;Thematic Games
269595;Family Games
165986;Family Games
165986;Strategy Games
202583;Strategy Games
223855;Strategy Games
18258;Strategy Games
284936;Abstract Games
284936;Strategy Games
1540;Thematic Games
1540;Wargames
25821;Party Games
10;Family Games
41916;Children's Games
41916;Family Games
149155;Family Games
268201;Family Games
113873;Wargames
245422;Party Games
134253;Thematic Games
131014;Family Games
252752;Strategy Games
157526;Strategy Games
327711;
191876;Strategy Games
4099;Strategy Games
165872;Wargames
332386;Strategy Games
302524;Family Games
1261;Abstract Games
1261;Strategy Games
157001;Strategy Games
230;Strategy Games
132372;Family Games
132372;Strategy Games
85256;Family Games
83195;Family Games
16986;Abstract Games
16986;Family Games
183006;Family Games
2507;Strategy Games
243759;Thematic Games
191597;Family Games
191597;Strategy Games
288169;Family Games
23094;Strategy Games
1159;Family Games
1159;Strategy Games
328908;Family Games
328908;Thematic Games
119591;Strategy Games
61692;Wargames
257614;Family Games
302388;Thematic Games
284108;Family Games
284108;Party Games
314088;Strategy Games
9220;Family Games
9220;Party Games
111124;Thematic Games
826;Family Games
159503;Strategy Games
159503;Thematic Games
224821;Family Games
224821;Thematic Games
219100;Thematic Games
219100;Wargames
231484;Family Games
310448;Family Games
175324;Thematic Games
143405;Strategy Games
246761;Family Games
2842;Family Games
264982;Strategy Games
202077;Thematic Games
60435;Family Games
60435;Thematic Games
57390;Thematic Games
7805;Family Games
205716;Strategy Games
272453;Customizable Games
296345;Thematic Games
303553;Family Games
297978;Family Games
332290;Thematic Games
12495;Strategy Games
212516;Strategy Games
163474;Thematic Games
163474;Wargames
255674;Family Games
298371;Family Games
9203;Thematic Games
9203;Wargames
232988;Family Games
206803;Strategy Games
53093;Wargames
117985;Family Games
117985;Strategy Games
38823;Wargames
301257;Strategy Games
2338;Strategy Games
217085;Family Games
215841;Thematic Games
291859;Customizable Games
219101;Wargames
272380;Abstract Games
233020;Family Games
106;Family Games
106;Strategy Games
103;Thematic Games
103;Wargames
1897;Family Games
1897;Strategy Games
134453;Family Games
30618;Party Games
268620;Family Games
15126;Wargames
229491;Strategy Games
312267;Thematic Games
150312;Family Games
150312;Party Games
204505;Family Games
394;Abstract Games
21441;Strategy Games
200853;Family Games
200853;Strategy Games
326945;Strategy Games
10640;Thematic Games
199383;Strategy Games
172385;Strategy Games
199;Family Games
180040;Strategy Games
63268;Party Games
127024;Thematic Games
105037;Strategy Games
184424;Strategy Games
166226;Strategy Games
159109;Strategy Games
159109;Thematic Games
257769;Family Games
281946;Thematic Games
15;Strategy Games
15;Thematic Games
116;Family Games
254591;Thematic Games
33604;Party Games
244191;Strategy Games
163413;Strategy Games
362452;Strategy Games
297985;Strategy Games
302425;Family Games
302425;Thematic Games
216091;Thematic Games
123570;Family Games
123570;Party Games
295293;Thematic Games
98527;Thematic Games
272533;Strategy Games
1403;Family Games
244918;Family Games
244918;Thematic Games
39684;Strategy Games
179460;Strategy Games
340677;Family Games
72991;Family Games
72991;Strategy Games
316858;Strategy Games
205418;Family Games
205418;Strategy Games
151771;Thematic Games
113401;Family Games
113401;Party Games
283294;Strategy Games
167513;Strategy Games
339958;Strategy Games
246663;Strategy Games
322622;Family Games
322622;Strategy Games
225244;Family Games
215842;Family Games
215842;Thematic Games
256997;Strategy Games
22038;Strategy Games
22038;Thematic Games
15818;Family Games
271615;Family Games
227456;Thematic Games
878;Family Games
253214;Thematic Games
167270;Abstract Games
200057;Strategy Games
142992;Family Games
304285;Family Games
179572;Family Games
179572;Strategy Games
311715;Thematic Games
254018;Family Games
254018;Strategy Games
42487;Family Games
291962;Family Games
5716;Family Games
271088;Family Games
271088;Strategy Games
2122;Customizable Games
624;Abstract Games
223931;Thematic Games
298102;Thematic Games
19999;Abstract Games
19999;Strategy Games
351526;Strategy Games
206915;Party Games
338628;Family Games
340325;Strategy Games
340325;Thematic Games
9446;Customizable Games
9446;Strategy Games
287938;Family Games
287938;Thematic Games
196202;Thematic Games
139030;Party Games
300442;Family Games
272682;Strategy Games
254713;Strategy Games
216201;Strategy Games
3284;Thematic Games
19237;Party Games
29934;Strategy Games
194690;Family Games
94362;Strategy Games
94362;Thematic Games
138431;Strategy Games
138431;Thematic Games
142852;Family Games
333255;Thematic Games
166857;Strategy Games
2397;Abstract Games
176229;Strategy Games
370591;Family Games
75165;Strategy Games
244995;Family Games
191894;Party Games
66;Strategy Games
1231;Family Games
1231;Party Games
249746;Strategy Games
249746;Thematic Games
175223;Strategy Games
37919;Strategy Games
129051;Strategy Games
283317;Thematic Games
55829;Wargames
342810;Strategy Games
16496;Strategy Games
902;Strategy Games
146910;Strategy Games
309110;Family Games
309110;Strategy Games
165950;Family Games
181810;Family Games
6411;Abstract Games
196;Strategy Games
196;Thematic Games
299121;Strategy Games
299121;Thematic Games
169794;Strategy Games
223740;Family Games
71836;Family Games
438;Family Games
492;Family Games
492;Strategy Games
481;Strategy Games
204;Strategy Games
22877;Wargames
205317;Strategy Games
205317;Thematic Games
313889;Strategy Games
120523;Thematic Games
255675;Thematic Games
131366;Family Games
131366;Strategy Games
101785;Thematic Games
101785;Wargames
194626;Party Games
109125;Strategy Games
341530;Family Games
299252;Party Games
131325;Family Games
131325;Party Games
257527;Party Games
18745;Strategy Games
21550;Abstract Games
195544;Family Games
195544;Strategy Games
24417;Strategy Games
210232;Thematic Games
20542;Wargames
339906;Family Games
148943;Party Games
594;Strategy Games
22;Strategy Games
22;Thematic Games
3955;Party Games
143175;Strategy Games
201;Abstract Games
335609;Family Games
166571;Strategy Games
1915;Customizable Games
172381;Strategy Games
94104;Strategy Games
24827;Strategy Games
1568;Thematic Games
310192;Family Games
232595;Strategy Games
3072;Thematic Games
3072;Wargames
330038;Family Games
258444;Family Games
347137;Family Games
246200;Strategy Games
300001;Strategy Games
176083;Thematic Games
298638;Family Games
298638;Party Games
242;Strategy Games
242;Thematic Games
285533;Family Games
268586;Family Games
268586;Party Games
43022;Strategy Games
172220;Strategy Games
172220;Thematic Games
362944;Strategy Games
116954;Abstract Games
116954;Family Games
3228;Abstract Games
369880;
252929;Family Games
233678;Family Games
57925;Family Games
57925;Strategy Games
181524;Family Games
181524;Thematic Games
115;Family Games
115;Strategy Games
353470;
170604;Strategy Games
168;Strategy Games
7480;Wargames
264198;Thematic Games
267127;Strategy Games
217398;Strategy Games
13780;Strategy Games
29223;Family Games
171662;Thematic Games
312251;Strategy Games
125548;Strategy Games
2065;Abstract Games
144041;Strategy Games
218530;Party Games
241477;Children's Games
241477;Family Games
281474;Thematic Games
285265;Family Games
13884;Strategy Games
38713;Party Games
143986;Family Games
2987;Family Games
40209;Wargames
106662;Strategy Games
38862;Strategy Games
119;Abstract Games
119;Strategy Games
156714;Customizable Games
122294;Strategy Games
230267;Strategy Games
230889;Customizable Games
230889;Strategy Games
131111;Customizable Games
131111;Strategy Games
214396;Family Games
195043;Family Games
152;Strategy Games
360265;Strategy Games
1829;Wargames
38863;Strategy Games
929;Party Games
92319;Strategy Games
192860;Family Games
193308;Party Games
195856;Thematic Games
47055;Strategy Games
47055;Thematic Games
215840;Thematic Games
102435;Wargames
423;Strategy Games
619;Family Games
619;Strategy Games
34887;Strategy Games
148951;Strategy Games
33451;Party Games
33451;Thematic Games
245354;Thematic Games
915;Family Games
34194;Family Games
22484;Abstract Games
323156;Strategy Games
149776;Strategy Games
149776;Thematic Games
254192;Thematic Games
38343;Strategy Games
240567;Strategy Games
187700;Thematic Games
187700;Wargames
39339;Thematic Games
58936;Strategy Games
312318;Family Games
269603;Family Games
313010;Strategy Games
244916;Family Games
319910;Customizable Games
319910;Strategy Games
63170;Strategy Games
103185;Strategy Games
183231;Family Games
2081;Wargames
17223;Thematic Games
1198;Abstract Games
1198;Family Games
5206;Wargames
331050;Family Games
40270;Customizable Games
40270;Strategy Games
367498;Strategy Games
306882;
248158;Family Games
248158;Thematic Games
26;Strategy Games
3097;Strategy Games
259298;Strategy Games
295785;Strategy Games
31497;Family Games
31497;Strategy Games
276830;Strategy Games
14254;Family Games
14254;Party Games
200511;Strategy Games
274124;Strategy Games
90040;Family Games
90040;Strategy Games
193728;Wargames
41933;Strategy Games
10093;Wargames
12761;Strategy Games
149951;Wargames
275913;Strategy Games
55697;Strategy Games
221769;Strategy Games
221769;Thematic Games
24773;Strategy Games
267813;Thematic Games
34297;Abstract Games
34297;Family Games
284584;Strategy Games
3800;Strategy Games
270109;Abstract Games
270109;Strategy Games
1544;Party Games
222542;Strategy Games
220133;Strategy Games
99975;Family Games
30658;Strategy Games
38545;Abstract Games
494;Family Games
61487;Wargames
178054;Strategy Games
178054;Thematic Games
283619;Family Games
225167;Party Games
225167;Thematic Games
297486;Strategy Games
253759;Family Games
123607;Strategy Games
363307;
157917;Strategy Games
226501;Strategy Games
226501;Thematic Games
235014;Strategy Games
1499;Wargames
330608;Strategy Games
310632;Family Games
264647;Strategy Games
98;Wargames
8098;Party Games
286537;Thematic Games
26457;Wargames
168609;Strategy Games
165948;Family Games
165948;Strategy Games
260300;Family Games
147253;Strategy Games
230303;Family Games
230303;Thematic Games
88827;Wargames
266966;
252446;Strategy Games
218804;Strategy Games
73369;Strategy Games
288513;Family Games
318472;Strategy Games
336929;Abstract Games
336929;Family Games
701;Wargames
232361;Thematic Games
235555;Strategy Games
208895;Family Games
96007;Strategy Games
195571;Thematic Games
302260;Family Games
3565;Thematic Games
6351;Children's Games
158900;Strategy Games
205046;Family Games
180020;Family Games
180020;Party Games
206940;Family Games
223215;Family Games
280453;Strategy Games
175307;Family Games
8129;Family Games
282414;Strategy Games
248861;Abstract Games
280136;Party Games
301716;Strategy Games
361;Family Games
138233;Strategy Games
54137;Abstract Games
316786;Strategy Games
123499;Strategy Games
811;Family Games
43868;Family Games
43868;Thematic Games
21920;Strategy Games
67877;Party Games
171011;Family Games
244513;Children's Games
244513;Family Games
38718;Wargames
325555;
325698;Family Games
182189;Family Games
123239;Party Games
24310;Party Games
24310;Thematic Games
103092;Strategy Games
111417;Family Games
111417;Strategy Games
46396;Abstract Games
46396;Family Games
254;Wargames
367220;Family Games
986;Strategy Games
157413;Strategy Games
29937;Strategy Games
12750;Strategy Games
274841;Family Games
237;Wargames
172996;Strategy Games
142079;Thematic Games
13308;Family Games
163805;Strategy Games
4636;Abstract Games
251551;
220792;Strategy Games
295262;Strategy Games
295262;Wargames
139771;Wargames
136280;Family Games
143185;Strategy Games
107255;Family Games
107255;Strategy Games
8190;Strategy Games
180199;Wargames
145189;Family Games
145189;Party Games
267271;Strategy Games
210274;Strategy Games
329873;
15511;Abstract Games
15511;Family Games
259081;Family Games
269752;Abstract Games
269752;Family Games
32125;Family Games
22348;Party Games
175293;Family Games
5072;Family Games
2251;Strategy Games
2251;Thematic Games
273703;Thematic Games
2808;Wargames
332944;Family Games
35435;Strategy Games
241831;Family Games
241831;Strategy Games
122842;Strategy Games
122842;Thematic Games
275044;Family Games
169611;Family Games
2393;Abstract Games
180592;Strategy Games
70;Family Games
70;Strategy Games
269968;Family Games
269968;Thematic Games
248125;Strategy Games
57660;Party Games
198487;
266083;Family Games
4396;Family Games
4396;Strategy Games
328326;
27627;Thematic Games
282853;Family Games
183284;Strategy Games
146816;Family Games
272427;Strategy Games
235375;Abstract Games
235375;Family Games
91984;Strategy Games
350736;Family Games
41010;Children's Games
230305;Family Games
230305;Thematic Games
354570;Wargames
104955;Strategy Games
175549;Party Games
352697;Wargames
38386;Strategy Games
157096;Strategy Games
146221;Strategy Games
124172;Abstract Games
124172;Family Games
112138;Customizable Games
28089;Children's Games
28089;Family Games
205610;Family Games
206084;Strategy Games
37907;Strategy Games
171726;Thematic Games
252399;Strategy Games
138649;Customizable Games
359970;Family Games
359970;Party Games
71074;Strategy Games
37387;Strategy Games
24742;Strategy Games
211716;Thematic Games
180852;Strategy Games
298229;Family Games
298229;Strategy Games
347013;Family Games
253618;Family Games
253618;Party Games
1107;Strategy Games
19622;Wargames
363247;Abstract Games
217083;Abstract Games
35503;Family Games
38992;Strategy Games
42673;Wargames
202977;Strategy Games
1887;Customizable Games
1662;Wargames
21551;Wargames
730;Wargames
293835;Thematic Games
1219;Family Games
160902;Customizable Games
295905;Strategy Games
359152;
256320;Family Games
207572;Wargames
174078;Family Games
113636;Strategy Games
66510;Thematic Games
269725;Family Games
228372;Strategy Games
174837;Strategy Games
250881;Strategy Games
238546;Strategy Games
157;Strategy Games
37358;Strategy Games
398;Family Games
223376;Thematic Games
223376;Wargames
21133;Thematic Games
21133;Wargames
293678;Strategy Games
230383;Family Games
309105;Abstract Games
309105;Family Games
267609;
3931;Strategy Games
350458;Strategy Games
63759;Family Games
63759;Strategy Games
338460;
146418;Customizable Games
146418;Wargames
155255;Strategy Games
163370;Family Games
163370;Strategy Games
38765;Strategy Games
216632;Strategy Games
120;Family Games
363369;Strategy Games
248005;Strategy Games
16267;Family Games
49;Family Games
344258;Abstract Games
196496;Wargames
66588;Family Games
66588;Party Games
284121;Strategy Games
284121;Thematic Games
526;Abstract Games
238393;Strategy Games
1032;Wargames
285905;Thematic Games
285905;Wargames
214484;Thematic Games
322656;Strategy Games
322656;Thematic Games
56931;Strategy Games
6205;Wargames
145588;Family Games
145588;Strategy Games
192945;Strategy Games
301919;Family Games
257732;Strategy Games
24703;Thematic Games
6901;Family Games
340;Family Games
195528;Strategy Games
12477;Thematic Games
335212;Thematic Games
33154;Family Games
144529;Strategy Games
85005;Family Games
245931;Strategy Games
240271;Thematic Games
36648;Children's Games
36648;Family Games
261594;Wargames
155695;Family Games
157026;Strategy Games
267378;Family Games
181345;Children's Games
181345;Family Games
75358;Strategy Games
127997;Abstract Games
127997;Family Games
142961;Strategy Games
142961;Thematic Games
274450;Thematic Games
331401;Family Games
179303;Strategy Games
125752;Strategy Games
125752;Thematic Games
128667;Family Games
136955;Wargames
300010;Children's Games
31105;Family Games
253684;Family Games
218293;Strategy Games
128442;Thematic Games
113289;Party Games
309430;Strategy Games
300683;Family Games
73;Family Games
73;Strategy Games
28259;Thematic Games
174973;Family Games
174973;Strategy Games
317434;Thematic Games
205125;Children's Games
232;Strategy Games
242653;Strategy Games
155969;Family Games
155969;Strategy Games
318546;Family Games
85325;Family Games
294514;Family Games
259374;Party Games
168681;Family Games
337787;Family Games
342857;Family Games
342857;Wargames
148203;Family Games
148203;Party Games
162009;Wargames
356414;Strategy Games
233208;Wargames
118695;Family Games
238656;Strategy Games
63543;Thematic Games
63543;Wargames
34707;Family Games
22192;Thematic Games
216428;Abstract Games
442;Family Games
442;Strategy Games
98918;Thematic Games
36522;Strategy Games
36522;Wargames
324090;Strategy Games
324090;Thematic Games
181819;Customizable Games
181819;Strategy Games
903;Family Games
9441;Children's Games
9441;Family Games
243430;Family Games
17710;Thematic Games
17710;Wargames
168998;Customizable Games
73664;Abstract Games
73664;Family Games
67239;Strategy Games
1117;Family Games
143404;Strategy Games
65564;Wargames
134157;Strategy Games
118174;Strategy Games
41863;Wargames
27225;Family Games
204135;Family Games
204184;Wargames
266967;
184824;Thematic Games
184824;Wargames
231696;Family Games
284778;
84;Wargames
187273;Thematic Games
140;Family Games
140;Party Games
198525;Family Games
169416;Customizable Games
169416;Thematic Games
32412;Family Games
592;Family Games
23679;Wargames
120217;Thematic Games
193737;Thematic Games
193737;Wargames
215312;Family Games
153507;Family Games
321277;Strategy Games
144239;Strategy Games
180771;Thematic Games
21954;Strategy Games
176558;Party Games
249;Family Games
249;Strategy Games
220367;Strategy Games
34585;Family Games
129459;Thematic Games
187653;Strategy Games
285775;Customizable Games
285775;Strategy Games
169318;Family Games
169318;Strategy Games
9910;Thematic Games
9910;Wargames
294702;Strategy Games
303672;Family Games
277927;Family Games
187680;Family Games
187680;Strategy Games
253664;Party Games
198287;
39217;Wargames
236217;Party Games
204574;Strategy Games
320718;Family Games
37141;Party Games
12589;Family Games
12589;Strategy Games
19526;Strategy Games
222407;Strategy Games
7858;Wargames
472;Thematic Games
156496;Strategy Games
163;Party Games
339484;Family Games
268012;Thematic Games
172933;Family Games
332321;Thematic Games
189660;Strategy Games
189660;Thematic Games
287589;Strategy Games
